structure,nom1,nom2,adresse1,adresse2,cp,ville,longitude,latitude,coordonnees_geoloc,coordonnees_ban,region,coordonnees_finales.lon,coordonnees_finales.lat,coordonnees_finales
Centre d’art,LE 10 NEUF  CENTRE D'ART CONTEMPORAIN,,"19, avenue des Alliés",,25200.0,MONTBÉLIARD CEDEX,,,,"47.510623, 6.800619",Bourgogne-Franche-Comté,6.800619,47.510623,
SMAC,Des lendemains qui chantent,Asso.de Lendemains qui chantent,Avenue du Lieutenant Colonel,Faro L'Auzelou,19000.0,TULLE,,,,"45.280697, 1.786088",Nouvelle-Aquitaine,1.786088,45.280697,
FRAC,Fonds régional d'art contemporain AQUITAINE,,1 quai Armand Lalande,,33000.0,BORDEAUX,,,,,,,,
Orchestre Permanent,Orchestre symphonique et lyrique de Nancy,,"1, rue Sainte Catherine",,54000.0,NANCY,6.183877,48.69375500000001,"48.69375500000001,6.183877","48.693985, 6.184578",Grand Est,6.183877,48.69375500000001,
Centre national des arts de la rue,Atelier 231,,1 rue Denis Papin,,76300.0,SOTTEVILLE-LES-ROUEN,1.098532,49.41700800000001,"49.41700800000001,1.098532","49.417564, 1.098308",Normandie,1.098532,49.41700800000001,
SMAC,Le Noumatrouff,Association Fédération Hiéro Mulhouse,,C/O Fédération Hiéro BP 31 35,68100.0,MULHOUSE,,,,"47.748451, 7.338023",Grand Est,7.338023,47.748451,
Centre d’art,GALERIE MARCEL DUCHAMP,CENTRE D'ART CONTEMPORAIN,"7-9, rue Percée",,76190.0,YVETOT,,,,"49.618068, 0.755523",Normandie,0.755523,49.618068,
Centre chorégraphique national,Centre chorégraphique national du Havre Haute-Normandie,,"30, rue des Briquetiers",,76600.0,Le Havre,0.13529699999999997,49.492759,"49.492759,0.13529699999999997","49.492636, 0.134967",Normandie,0.135296999999999,49.492759,
Centre chorégraphique national,Ballet de Lorraine,,"3, rue Henri Bazin",,54010.0,Nancy cedex,6.1905149999999995,48.695758,"48.695758,6.1905149999999995",,Grand Est,6.190514999999999,48.695758,
FRAC,Fonds régional d'art contemporain LANGUEDOC-ROUSSILLON,,4 rue Rimbaud,,34000.0,MONTPELLIER,,,,"43.613815, 3.889162",Occitanie,3.889162,43.613815,
Centre d’art,LE BBB,,"96, rue Michel-Ange",,31200.0,TOULOUSE,,,,"43.626865, 1.447559",Occitanie,1.447559,43.626865,
SMAC en cours de labellisation,Le Tétris,Papa's production,"55, rue de 329 RI",Fort de Tourneville /,76620.0,LE HAVRE,,,,"49.519412, 0.101015",Normandie,0.101015,49.519412,
FRAC,Fonds régional d'art contemporain CORSE,,Citadelle de Corte,,20250.0,CORTE,,,,"42.304761, 9.148926",Corse,9.148926,42.304761,
Centre d’art,LE POINT DU JOUR,CENTRE REGIONAL DE PHOTOGRAPHIE,"109, avenue de Paris",,50100.0,CHERBOURG-OCTEVILLE,,,,"49.632506, -1.61739",Normandie,-1.61739,49.632506,
Scène Nationale,Théâtre de l’Agora - Scène nationale,,Place de l’Agora,BP 46,91000.0,ÉVRY Cedex,2.43571,48.629175,"48.629175,2.43571","48.627934, 2.429845",Île-de-France,2.4357100000000003,48.629175,
Orchestre Permanent,Orchestre des Pays de Savoie,,"6, rue Métropole",,73000.0,Chambéry,5.921964000000001,45.56494999999998,"45.56494999999998,5.921964000000001","45.564903, 5.921836",Auvergne-Rhône-Alpes,5.921964000000001,45.56494999999998,
SMAC,SMAC Aire Urbaine Montbéliard Belfort : Le Moloco et La Poudrière,,"21, rue de Seloncourt",co/Le Moloco,25400.0,AUDINCOURT,,,,"47.47866, 6.842865",Bourgogne-Franche-Comté,6.842865,47.47866,
SMAC en cours de labellisation,Le Bikini,Patricia Sansonneto entrepreneur de spectacle,rue Théodore Monod,"Parc technologique du canal,",31520.0,RAMONVILLE-SAINT-AGNE,,,,"43.542625, 1.456742",Occitanie,1.456742,43.542625,
FRAC,Fonds régional d'art contemporain CHAMPAGNE-ARDENNE,,"Le Collège - 1, place Museux",,51100.0,REIMS,,,,"49.246527, 4.040071",Grand Est,4.040071,49.246527,
Centre d’art,CENTRE DE RECHERCHE ET DE DIFFUSION DE,L'ART CONTEMPORAIN - CREDAC,,Galerie Fernand Léger,94200.0,IVRY-SUR-SEINE,,,,"48.813298, 2.387205",Île-de-France,2.387205,48.813298,
SMAC,L'Orange Bleue,Bords 2 Scènes,4 rue Auguste Choisy,Quartier des Bords de marne,51300.0,VITRY-LE-FRANCOIS,,,,"48.726411, 4.578533",Grand Est,4.578533,48.726411,
Scène Nationale,MC93 - Scène nationale,,"1, boulevard Lénine",BP 71,93000.0,BOBIGNY Cedex,2.4401029999999997,48.90646699999999,"48.90646699999999,2.4401029999999997","48.90655, 2.441855",Île-de-France,2.440102999999999,48.90646699999999,
Scène Nationale,Théâtre de Saint-Quentin-en-Yvelines,,3 Place Georges Pompidou,MONTIGNY-LE-BRETONNEUX,78180.0,Montigny-le-Bretonneux,,,,"48.783134, 2.043367",Île-de-France,2.043367,48.783134,
SMAC,La Gespe,Gespe animations et spectacles,"23, rue Paul Cézanne",,65000.0,TARBES,,,,"43.225966, 0.058536",Occitanie,0.058536,43.225966,
SMAC,Vip,Les Escales de Saint-Nazaire,Boulevard de la légion d'honneur,Alvéole 14,44600.0,SAINT-NAZAIRE,,,,"47.275161, -2.204005",Pays de la Loire,-2.204005,47.275161,
SMAC en cours de labellisation,L'Abordage,Association Abordage,"1, avenue Aristide Briand",,27000.0,EVREUX,,,,"49.021706, 1.137817",Normandie,1.137817,49.021706,
Centre Dramatique National,THEATRE DU PORT DE LA LUNE,CENTRE DRAMATIQUE NATIONAL DE BORDEAUX AQUITAINE,3 square Jean Vauthier,B.P. 7,33032.0,BORDEAUX CEDEX,-0.547703,44.88325400000001,"44.88325400000001,-0.547703",,Nouvelle-Aquitaine,-0.5477029999999999,44.88325400000001,
Opéra en région,Opéra National du Rhin,,19 place de la Broglie,B.P. 320,67008.0,STRASBOURG,7.749568,48.58496000000001,"48.58496000000001,7.749568",,Grand Est,7.749568,48.58496000000001,
SMAC,Le Pannonica,NAJA Association Nantes Jazz Action,9 Rue Basse Porte,,44000.0,NANTES,,,,"47.221054, -1.558417",Pays de la Loire,-1.558417,47.221054,
SMAC,La Clef,"Association pour la culture, les loisirs et la formation","46, rue de Mareil",,78100.0,SAINT-GERMAIN-EN-LAYE,,,,"48.894016, 2.088918",Île-de-France,2.088918,48.894016,
Centre chorégraphique national,Ballet Biarritz - Centre chorégraphique national d'Aquitaine en Pyrénées Atlantiques,,"23, avenue Foch",Gare du Midi,64200.0,Biarritz,-1.558622,43.479276999999996,"43.479276999999996,-1.558622","43.479443, -1.558602",Nouvelle-Aquitaine,-1.558622,43.479276999999996,
Centre d’art,VILLA NOAILLES - F.I.A.M.H.,,BP176,,83400.0,HYÈRES,,,,"43.118457, 6.128004",Provence-Alpes-Côte d'Azur,6.128004,43.118457,
Centre Dramatique National,THEATRE DU PREAU,,Place Castel,B.P. 104,14504.0,VIRE Cedex,-0.890608,48.85109500000002,"48.85109500000002,-0.890608",,Normandie,-0.890608,48.85109500000002,
Centre national des arts de la rue,Moulin fondu,,53 rue de Merlan,,93130.0,NOISY-LE-SEC,2.4661480000000005,48.89063699999999,"48.89063699999999,2.4661480000000005","48.890637, 2.466098",Île-de-France,2.466148,48.89063699999999,
Centre chorégraphique national,Centre National de Danse Contemporaine d'Angers,,"17, rue de la Tannerie",BP 50107,49101.0,Angers cedex 02,-0.5650089999999999,47.47295999999999,"47.47295999999999,-0.5650089999999999",,Pays de la Loire,-0.5650089999999991,47.47295999999999,
Scène Nationale,Maison des Arts et de la Culture,,Place Salvador-Allende,,94000.0,CRÉTEIL,2.4483899999999994,48.790022000000015,"48.790022000000015,2.4483899999999994","48.778451, 2.453769",Île-de-France,2.448389999999999,48.790022000000015,
Scène Nationale,Le Moulin du Roc - Scène nationale,,"9, boulevard Main",BP 405,79000.0,NIORT Cedex,-0.468096,46.32580299999999,"46.32580299999999,-0.468096","46.325665, -0.467965",Nouvelle-Aquitaine,-0.46809599999999996,46.32580299999999,
SMAC,La Coopérative de Mai,Association Pop'art,Rue Serge Gainsbourg,,63100.0,CLERMONT-FERRAND,,,,"45.788615, 3.099623",Auvergne-Rhône-Alpes,3.099623,45.788615,
SMAC,Les Passagers du Zinc,association Des Deux Mains,23 route de Montfavet,,84000.0,AVIGNON,,,,"43.942012, 4.823053",Provence-Alpes-Côte d'Azur,4.823053,43.942012,
Centre Dramatique National,LES TRETEAUX DE FRANCE,,"11, rue Yvon Villarceau",,75116.0,PARIS,2.287224,48.86865,"48.86865,2.287224","48.864272, 2.271028",Île-de-France,2.287224,48.86865,
Orchestre Permanent,Ensemble Intercontemporain,,"223, avenue Jean Jaurès",,75019.0,PARIS,2.394225,48.88929100000001,"48.88929100000001,2.394225","48.889292, 2.393954",Île-de-France,2.394225,48.88929100000001,
Centre d’art,LE CARRE,CHÂTEAU-GONTIER,Place André Counord,,53200.0,CHÂTEAU-GONTIER,,,,"47.822319, -0.709951",Pays de la Loire,-0.709951,47.822319,
Centre national des arts de la rue,Le Fourneau,,11 Quai de la Douane,,29200.0,BREST,-4.482418000000001,48.38279299999999,"48.38279299999999,-4.482418000000001","48.383091, -4.483333",Bretagne,-4.482418000000001,48.38279299999999,
Scène Nationale,Scène nationale de Petit-Quevilly/Mont-Saint-Aignan,,rue François Mitterrand,BP 14,76141.0,PETIT-QUEVILLY Cedex,1.058548,49.425514,"49.425514,1.058548",,Normandie,1.058548,49.425514,
SMAC,SMAC Ardèche (La Presqu'ïle/Cavajazz),Association de gestion de la Smac ardéchoise,Quartier Fontanes,,7100.0,ANNONAY,,,,"45.236866, 4.673671",Auvergne-Rhône-Alpes,4.673671,45.236866,
SMAC,CC Paul Bailliart,,"6, Allée de Québec",,91300.0,MASSY,,,,"48.730561, 2.28347",Île-de-France,2.28347,48.730561,
Centre de développement chorégraphique,L'échangeur,,,,2130.0,FERE EN TARDENOIS,,,,"49.198613, 3.517207",Hauts-de-France,3.517207,49.198613,
Centre d’art,C.P.I.F. - CENTRE PHOTOGRAPHIQUE,D'ÎLE-DE-FRANCE,Ferme Briarde,,77340.0,PONTAULT-COMBAULT,,,,"48.806089, 2.603425",Île-de-France,2.603425,48.806089,
Centre Dramatique Régional,CENTRE DRAMATIQUE DE L’OCEAN INDIEN,Théâtre du Grand Marché,"2, rue du Maréchal Leclerc",,97400.0,SAINT-DENIS DE LA REUNION,,,,"-20.880868, 55.44749",,55.44749,-20.880868,
FRAC,Fonds régional d'art contemporain BRETAGNE,,19 avenue André Mussat,,35000.0,RENNES,,,,"48.130653, -1.695448",Bretagne,-1.6954479999999998,48.130653,
SMAC,Penn Ar Jazz,Assciation Penn Ar Jazz,"6, rue Guy Ropartz",,29200.0,BREST,,,,"48.385826, -4.484894",Bretagne,-4.484894,48.385826,
SMAC,La Citrouille,La Citrouille,Place Nina Simone,,22000.0,SAINT BRIEUC,,,,"48.518597, -2.760913",Bretagne,-2.760913,48.518597,
Centre Dramatique National,THEATRE JEUNE PUBLIC,,"1, rue du Pont Saint-Martin",,67000.0,STRASBOURG,7.7434389999999995,48.580174,"48.580174,7.7434389999999995","48.580238, 7.743456",Grand Est,7.743438999999999,48.580174,
Centre de développement chorégraphique,Danse à Lille,,,,59170.0,ROUBAIX,,,,"50.688421, 3.150329",Hauts-de-France,3.150329,50.688421,
Scène Nationale,Scène nationale de Bayonne et du Sud Aquitaine,,"1, rue Edouard Ducere",,64100.0,BAYONNE,-1.475698,43.49295900000001,"43.49295900000001,-1.475698","43.493037, -1.475498",Nouvelle-Aquitaine,-1.475698,43.49295900000001,
Centre Dramatique National,CENTRE DRAMATIQUE NATIONAL DE LYON,Théâtre Nouvelle Génération,"23, rue de Bourgogne",B.P. 518,69257.0,LYON Cedex 09,4.803453,45.777472999999986,"45.777472999999986,4.803453",,Auvergne-Rhône-Alpes,4.803453,45.777472999999986,
Scène Nationale,Le Manège de Reims - Scène nationale,,"2, boulevard du Général Leclerc",BP 1063,51100.0,REIMS Cedex,4.021506,49.251896000000016,"49.251896000000016,4.021506","49.25457, 4.022331",Grand Est,4.021506,49.251896000000016,
Centre d’art,PALAIS DE TOKYO - SITE DE CRÉATION,CONTEMPORAINE,"2, rue de la Manutention",,75116.0,PARIS,,,,"48.86541, 2.27774",Île-de-France,2.27774,48.86541,
Centre d’art,LE JEU DE PAUME,,"1, place de la Concorde",,75008.0,PARIS,,,,"48.867065, 2.321877",Île-de-France,2.3218769999999997,48.867065,
SMAC,La Cordonnerie,,"3, quai Sainte Claire","Cité de la musique,",26100.0,ROMANS,,,,"45.043393, 5.044746",Auvergne-Rhône-Alpes,5.044746,45.043393,
Scène Nationale,La Coursive - Scène nationale,,"4, rue Saint-Jean-du-Pérot",,17000.0,LA ROCHELLE Cedex 01,-1.17311,46.159895,"46.159895,-1.17311","46.156657, -1.154697",Nouvelle-Aquitaine,-1.17311,46.159895,
Scène Nationale,Le Théâtre - Scène Nationale,,"1511, avenue Charles de Gaulle",,71000.0,MACON,4.8365,46.315320999999976,"46.315320999999976,4.8365","46.316086, 4.836865",Bourgogne-Franche-Comté,4.8365,46.315320999999976,
Scène Nationale,L’Hexagone  - Scène Nationale,,"24, rue des Aiguinards",,38240.0,MEYLAN,5.764283,45.205983,"45.205983,5.764283","45.206601, 5.763817",Auvergne-Rhône-Alpes,5.764283,45.205983,
SMAC,Le 106,106 REM,Quai Jean de Béthencourt,,76100.0,ROUEN,,,,"49.434994, 1.09277",Normandie,1.09277,49.434994,
SMAC,Le Gueulard +,,3 rue Victor Hugo,,57240.0,NILVANGE,,,,"49.341575, 6.050484",Grand Est,6.050484,49.341575,
Scène Nationale,Espace des Arts - Scène nationale,,"5 bis, avenue Nicéphore",,71100.0,Chalon-sur-Saône,4.850058,46.778951,"46.778951,4.850058","46.779485, 4.849123",Bourgogne-Franche-Comté,4.850058,46.778951,
Scène Nationale,Théâtre des Salins - Scène nationale,,"19, quai Paul Doumer",BP 75,13692.0,MARTIGUES Cedex,5.051029,43.406800999999994,"43.406800999999994,5.051029",,Provence-Alpes-Côte d'Azur,5.051029,43.406800999999994,
SMAC,La Luciole,Association Eurêka,"171, rue de Bretagne",,61000.0,ALENCON,,,,"48.432758, 0.069102",Normandie,0.069102,48.432758,
SMAC,Temps Machine,Travaux Publics,45-49 rue des Martyrs,Parvis Miles Davis,37300.0,JOUE-LES-TOURS,,,,"47.351975, 0.665148",Centre-Val de Loire,0.665148,47.351975,
Centre Dramatique National,THEATRE DU NORD,,"4, place du Général de Gaulle",B.P. 302,59026.0,LILLE CEDEX,3.0632759999999997,50.63747000000001,"50.63747000000001,3.0632759999999997",,Hauts-de-France,3.063275999999999,50.63747000000001,
Centre Dramatique National,THEATRE DE L’UNION,CENTRE DRAMATIQUE NATIONAL DU LIMOUSIN,"20, rue des Coopérateurs",B.P. 206,87006.0,LIMOGES CEDEX,1.254636,45.836451000000004,"45.836451000000004,1.254636",,Nouvelle-Aquitaine,1.254636,45.836451000000004,
Opéra en région,Angers-Nantes Opera (Ano),,1 rue Molière,,44000.0,NANTES,-1.561901,47.21400499999999,"47.21400499999999,-1.561901","47.213652, -1.561991",Pays de la Loire,-1.561901,47.21400499999999,
FRAC,Fonds régional d'art contemporain REUNION,,9 Allée des Flamboyants,²,97424.0,Piton Saint-Leu,,,,"-21.201058, 55.295168",,55.295168,-21.201058,
Scène Nationale,DSN (Dieppe - Scène Nationale),,"1, Quai Bérigny",,76200.0,DIEPPE,1.081686,49.922206999999986,"49.922206999999986,1.081686","49.922094, 1.081377",Normandie,1.081686,49.922206999999986,
Centres nationaux de création musicale,GMEA : Groupe de musique expérimentale d’Albi,,"4, rue Sainte Claire",,81000.0,Albi,2.1458459999999997,43.929421,"43.929421,2.1458459999999997","43.929383, 2.145801",Occitanie,2.145845999999999,43.929421,
Pôle cirque,Cirque Jules Verne,,Place Longueville,BP 2720,80000.0,AMIENS,,,,"49.887688, 2.29558",Hauts-de-France,2.29558,49.887688,
Scène Nationale,L’Athanor - Scène nationale,,Place de l’Amitié entre les Peuples,BP 49,81000.0,ALBI,2.16053,43.933453000000014,"43.933453000000014,2.16053","43.923796, 2.144604",Occitanie,2.16053,43.933453000000014,
Centre d’art,ESPACE DE L'ART CONCRET,,Château de Mouans,,6370.0,MOUANS-SARTOUX,,,,"43.620041, 6.969023",Provence-Alpes-Côte d'Azur,6.969023,43.620041,
Centre d’art,"LA GALERIE, CENTRE D'ART CONTEMPORAIN",,"1, rue Jean Jaurès",,93130.0,NOISY-LE-SEC CEDEX,,,,"48.890274, 2.452941",Île-de-France,2.452941,48.890274,
Centre Dramatique National,THEATRE GERARD PHILIPE,,"59, boulevard Jules Guesde",,93207.0,SAINT-DENIS Cedex 1,2.36645,48.932616999999986,"48.932616999999986,2.36645",,Île-de-France,2.36645,48.932616999999986,
SMAC en cours de labellisation,La Nef,Cté d'agglomération  Grand Angoulême-Régie à autonomie financière,Rue Louis Pergaud,,16000.0,ANGOULEME,,,,"45.641866, 0.131695",Nouvelle-Aquitaine,0.131695,45.641866,
SMAC en cours de labellisation,Le Plan – Communauté d'agglomération Evry Centre Essonne,,500 PLACE DES Champs Elysées –,BP 62 Courcouronnes,91000.0,EVRY,,,,"48.640728, 2.432558",Île-de-France,2.432558,48.640728,
Pôle cirque,Centre culturel Agora,,,BP 161,24750.0,BOULAZAC,,,,"45.185786, 0.77558",Nouvelle-Aquitaine,0.77558,45.185786,
Scène Nationale,Le Granit - Scène nationale,,"1, Faubourg de Montbéliard",BP 117,90000.0,BELFORT Cedex,6.857865,47.636644000000004,"47.636644000000004,6.857865","47.636797, 6.857904",Bourgogne-Franche-Comté,6.857865,47.636644000000004,
Centre chorégraphique national,Centre chorégraphique national de Nantes Claude Brumachon Benjamin Lamarche,,"23, rue Noire",,44000.0,Nantes,-1.562287,47.226438,"47.226438,-1.562287","47.226345, -1.562376",Pays de la Loire,-1.562287,47.226438,
Scène Nationale,La Passerelle - Scène nationale de Saint-Brieuc,,Place de la Résistance,BP 4133,22000.0,SAINT-BRIEUC Cedex 2,-2.76169,48.513749000000004,"48.513749000000004,-2.76169","48.513807, -2.761383",Bretagne,-2.76169,48.513749000000004,
Centre Dramatique Régional,CENTRE DRAMATIQUE REGIONAL DE TOURS,Nouvel Olympia,"7, rue de Lucé",,37000.0,TOURS,0.688842,47.39349500000002,"47.39349500000002,0.688842","47.393664, 0.688597",Centre-Val de Loire,0.688842,47.39349500000002,
Centres nationaux de création musicale,GRAME,,9 Rue du Garet,BP 1185,69202.0,Lyon Cedex 01,4.836826,45.766746,"45.766746,4.836826",,Auvergne-Rhône-Alpes,4.836826,45.766746,
Centre chorégraphique national,Centre chorégraphique national de Montpellier Languedoc-Roussillon],,Les Ursulines,Boulevard Louis Blanc,34000.0,Montpellier,3.878514,43.613803,"43.613803,3.878514","43.611024, 3.875521",Occitanie,3.878514,43.613803,
Centre d’art,CENTRE INTERNATIONAL DES ARTS ET DU,PAYSAGE DE VASSIVIÈRE-EN-LIMOUSIN,Ile de Vassivière,,87120.0,BEAUMONT DU LAC,,,,"45.799741, 1.864969",Nouvelle-Aquitaine,1.8649689999999999,45.799741,
Scène Nationale,Le Quartz - Scène nationale,,"2-4, avenue Clémenceau",BP 411,29200.0,BREST Cedex,-4.491028,48.392779999999995,"48.392779999999995,-4.491028","48.38914, -4.48448",Bretagne,-4.491028,48.392779999999995,
Scène Nationale,Théâtre et Auditorium de Poitiers,,"1, place du Maréchal Leclerc",,86000.0,POITIERS,0.339617,46.580512999999996,"46.580512999999996,0.339617","46.580669, 0.339687",Nouvelle-Aquitaine,0.339617,46.580512999999996,
SMAC,Le Moulin de Brainans,Association Promodegel,,"C/O association Promidégel, BP 45",39800.0,BRAINANS,,,,"46.869925, 5.622268",Bourgogne-Franche-Comté,5.622268,46.869925,
FRAC,Fonds régional d'art contemporain FRANCHE-COMTÉ,,"Conseil régional 4, square Castan",,25000.0,BESANCON,,,,"47.234547, 6.030396",Bourgogne-Franche-Comté,6.030396,47.234547,
Opéra en région,Opéra National de Bordeaux,,Place de la Comédie,B.P. 95,33025.0,BORDEAUX Cedex,-0.574308,44.84234200000002,"44.84234200000002,-0.574308",,Nouvelle-Aquitaine,-0.5743079999999999,44.84234200000002,
Centre d’art,CENTRE RÉGIONAL DE LA PHOTOGRAPHIE,DU NORD PAS DE CALAIS,Place des Nations,,59282.0,DOUCHY-LES-MINES,,,,"50.300856, 3.385655",Hauts-de-France,3.385655,50.300856,
Centre d’art,VILLA ARSON - CENTRE D'ART,,20 avenue Stephen Liégeard,,6100.0,NICE,,,,,,,,
Scène Nationale,"Scène nationale 61 - Alençon, Flers, Mortagne",,"2, avenue de Basingstoke",,61000.0,ALENÇON,0.094943,48.436352,"48.436352,0.094943","48.436275, 0.095422",Normandie,0.094943,48.436352,
Centre d’art,LA FERME DU BUISSON,CENTRE D'ART ET DE CULTURE,Allée de la Ferme,,77186.0,NOISIEL,,,,"48.844729, 2.625589",Île-de-France,2.6255889999999997,48.844729,
SMAC,CAMJI,Association le Camji,3 rue de l'Ancien Musée,"Espace Michelet,",79000.0,NIORT,,,,"46.323205, -0.46373",Nouvelle-Aquitaine,-0.46373000000000003,46.323205,
FRAC,Fonds régional d'art contemporain ILE-DE-France,,"33, rue des Alouettes",,75019.0,PARIS,,,,"48.878195, 2.385454",Île-de-France,2.385454,48.878195,
SMAC,L'Autre Canal,,45 boulevard d'Austrasie,,54000.0,NANCY,,,,"48.692926, 6.19955",Grand Est,6.19955,48.692926,
SMAC,Run Ar Puns,Association Rapass,Route de Pleyben,,29150.0,CHATEAULIN,,,,"48.20692, -4.070646",Bretagne,-4.070646,48.20692,
Orchestre Permanent,Orchestre de Poitou-Charentes,,9 rue du Général Berton,BP 422,86011.0,Poitiers Cedex,0.34268,46.58498800000001,"46.58498800000001,0.34268",,Nouvelle-Aquitaine,0.34268000000000004,46.58498800000001,
Opéra en région,Opéra de Marseille,,2 rue Molière,,13001.0,MARSEILLE,5.375878000000001,43.293934999999976,"43.293934999999976,5.375878000000001","43.293839, 5.376004",Provence-Alpes-Côte d'Azur,5.375878000000001,43.293934999999976,
Opéra en région,Opéra de Rouen/Haute Normandie,,7 rue du Docteur Rambert,B.P. 1253,76177.0,ROUEN Cedex,1.089818,49.439491000000004,"49.439491000000004,1.089818",,Normandie,1.089818,49.439491000000004,
Centre d’art,LE QUARTIER,CENTRE D'ART CONTEMPORAIN,"10, esplanade François Miterrand",,29000.0,QUIMPER,,,,"47.996199, -4.10972",Bretagne,-4.10972,47.996199,
Scène Nationale,L'Apostrophe - Scène nationale,,Place des Arts,BP 307,95000.0,CERGY-PONTOISE Cedex,,,,"49.036322, 2.078656",Île-de-France,2.078656,49.036322,
Scène Nationale,Le théâtre de Saint-Nazaire,,Rue des frères Pereire,BP 150,44600.0,SAINT-NAZAIRE,-2.254286,47.26774199999999,"47.26774199999999,-2.254286","47.297148, -2.195976",Pays de la Loire,-2.254286,47.26774199999999,
SMAC,Le Normandy,Ecran Sonique,Place du Champ de Mars,bp 330 -,50000.0,ST LO,,,,"49.116174, -1.087574",Normandie,-1.087574,49.116174,
Centre de développement chorégraphique,Le Pacifique,,,,38100.0,GRENOBLE,,,,"45.18627, 5.725358",Auvergne-Rhône-Alpes,5.725358,45.18627,
Pôle cirque,Théâtre Firmein Gémier / La Piscine,,"254, avenue de la Division Leclerc",,92290.0,CHATENAY-MALABRY,,,,"48.764602, 2.267375",Île-de-France,2.267375,48.764602,
SMAC en cours de labellisation,Echonova (projet SMAC de département),R.E.M.A. L’Echonova,1 rue Léon Griffon,,56890.0,Saint-Avé,,,,"47.673828, -2.743307",Bretagne,-2.7433069999999997,47.673828,
Scène Nationale,Centre Martiniquais d'Action Culturelle (CMAC),,"6, rue Jacques Cazotte",,97200.0,FORT-DE-France,-61.065119,14.604314999999996,"14.604314999999996,-61.065119","14.604361, -61.065269",,-61.065119,14.604314999999996,
Opéra en région,Opéra National de Nancy et de Lorraine,,1 rue Sainte-Catherine,,54000.0,NANCY,6.183877,48.69375500000001,"48.69375500000001,6.183877","48.693985, 6.184578",Grand Est,6.183877,48.69375500000001,
Scène Nationale,Le Bateau Feu - Scène nationale,,Place du Général de Gaulle,BP 2064,59300.0,DUNKERQUE,2.380813,51.03602300000001,"51.03602300000001,2.380813",,Hauts-de-France,2.380813,51.03602300000001,
Centre Dramatique National,LA COMEDIE DE BETHUNE,CENTRE DRAMATIQUE NATIONAL  NORD-PAS-DE-CALAIS,Place Foch,B.P. 631,62412.0,BETHUNE Cedex,2.6333500000000005,50.530708999999995,"50.530708999999995,2.6333500000000005",,Hauts-de-France,2.63335,50.530708999999995,
Centre chorégraphique national,Centre chorégraphique national de Rillieux-la-Pape,,"30 ter, avenue du Général Leclerc",BP 106,69143.0,Rillieux-la-Pape,4.865976999999999,45.805573,"45.805573,4.865976999999999",,Auvergne-Rhône-Alpes,4.865976999999999,45.805573,
Orchestre Permanent,Orchestre de Paris,,"252, rue du Faubourg Saint Honoré",Salle PLEYEL,75008.0,PARIS,2.320066,48.84717500000001,"48.84717500000001,2.320066","48.876956, 2.300995",Île-de-France,2.3200659999999997,48.84717500000001,
Centre chorégraphique national,Centre chorégraphique national d' Orléans,,"37, rue du Bourdon blanc",,45000.0,Orléans,1.9131499999999997,47.902204,"47.902204,1.9131499999999997","47.902216, 1.91311",Centre-Val de Loire,1.913149999999999,47.902204,
Pôle cirque,Le Sirque,,Château de Nexon,BP 20,87800.0,NEXON,,,,"45.670013, 1.117333",Nouvelle-Aquitaine,1.117333,45.670013,
Centres nationaux de création musicale,CIRM : Centre international de recherches musicales,,33 avenue Jean Médecin,,6000.0,Nice,7.2666879999999985,43.702544,"43.702544,7.2666879999999985",,Provence-Alpes-Côte d'Azur,7.2666879999999985,43.702544,
Centre d’art,LE SPOT - CENTRE D'ART CONTEMPORAIN,,"32, rue Jules Lecesne",,76600.0,LE HAVRE,,,,"49.493657, 0.1141",Normandie,0.11410000000000001,49.493657,
SMAC,Le Carré Bleu,Association Jazz à Poitiers,2 place Aristide Briand,"C/o la Maison du Coin,",86000.0,POITIERS,,,,"46.580464, 0.335706",Nouvelle-Aquitaine,0.335706,46.580464,
Centre d’art,LE CREUX DE L'ENFER,CENTRE D'ART CONTEMPORAIN,Vallée des Usines,,63300.0,THIERS,,,,"45.851689, 3.544298",Auvergne-Rhône-Alpes,3.544298,45.851689,
SMAC,Antipode (projet SMAC d'agglomération rennaise),MJC Cleunay,"2, rue A Trasbot","MJC Antipode,",35000.0,RENNES,,,,"48.100842, -1.708982",Bretagne,-1.708982,48.100842,
Centre d’art,COLLECTION LAMBERT EN AVIGNON,MUSÉE D'ART CONTEMPORAIN,"5, rue Violette",,84000.0,AVIGNON,,,,"43.944956, 4.804371",Provence-Alpes-Côte d'Azur,4.804371,43.944956,
Orchestre Permanent,Les Musiciens du Louvre - Grenoble,,"1, rue du Vieux Temple",BP 3046,38816.0,GRENOBLE cedex 1,5.733685999999999,45.193523999999975,"45.193523999999975,5.733685999999999",,Auvergne-Rhône-Alpes,5.733685999999999,45.193523999999975,
Centre Dramatique National,CENTRE DRAMATIQUE DE THIONVILLE-LORRAINE,,rue Pasteur,,57103.0,THIONVILLE CEDEX,6.163636,49.361425,"49.361425,6.163636",,Grand Est,6.163636,49.361425,
Scène Nationale,Bonlieu - Scène nationale,,"1, rue Jean-Jaurès",BP 294,74000.0,ANNECY Cedex,6.128693,45.90203399999999,"45.90203399999999,6.128693","45.902197, 6.128472",Auvergne-Rhône-Alpes,6.128693,45.90203399999999,
Centre Dramatique National,LE FESTIN,CDN DE MONTLUCON – REGION AUVERGNE,27 rue des Faucheroux,Espace Boris Vian,3100.0,MONTLUCON,2.609487,46.328193,"46.328193,2.609487",,Auvergne-Rhône-Alpes,2.609487,46.328193,
Pôle cirque,Le Prato,,"6, allée de la Filature",,59000.0,LILLE,,,,"50.619345, 3.071094",Hauts-de-France,3.071094,50.619345,
Scène Nationale,Le Carré Saint-Vincent - Scène nationale d'Orléans,,Le Carré Saint-Vincent,,45000.0,ORLÉANS,1.916929,47.91864699999999,"47.91864699999999,1.916929","47.904183, 1.91292",Centre-Val de Loire,1.916929,47.91864699999999,
Centre d’art,LE MAGASIN - CENTRE NATIONAL D'ART,CONTEMPORAIN,Site Bouchayer Viallet,,38000.0,GRENOBLE,,,,"45.191098, 5.719737",Auvergne-Rhône-Alpes,5.719737,45.191098,
Centre Dramatique National,THEATRE DE LA MANUFACTURE,CENTRE DRAMATIQUE NATIONAL DE NANCY LORRAINE,"10, rue Baron-Louis",B.P. 3349,54014.0,NANCY CEDEX,6.171049000000001,48.69574000000001,"48.69574000000001,6.171049000000001",,Grand Est,6.171049000000001,48.69574000000001,
Orchestre Permanent,Orchestre de Bretagne,,"42 A, rue Saint Mélaine",B.P 30 823,35108.0,RENNES cedex 3,-1.675051,48.11478900000001,"48.11478900000001,-1.675051",,Bretagne,-1.6750509999999998,48.11478900000001,
Centre national des arts de la rue,Pronomades,,rue de la Fontaine,,31160.0,ENCAUSSE LES THERMES,0.740651,43.049064999999985,"43.049064999999985,0.740651","43.049882, 0.742395",Occitanie,0.740651,43.049064999999985,
SMAC,Le Cargo,Arts Attack,Cours Caffarelli,,14000.0,CAEN,,,,"49.180486, -0.341715",Normandie,-0.341715,49.180486,
SMAC,La Lune des Pirates,Association la Lune des Pirates spectacles,"17, quai Bélu",,80000.0,AMIENS,,,,"49.896299, 2.304671",Hauts-de-France,2.304671,49.896299,
Scène Nationale,Scène nationale de Sète et du Bassin de Thau,,Avenue Victor Hugo,,34200.0,SÈTE,3.698214,43.40820699999999,"43.40820699999999,3.698214","43.40848, 3.698287",Occitanie,3.698214,43.40820699999999,
Scène Nationale,Le Carreau - Scène Nationale de Forbach et de l’Est Mosellan,,avenue Saint-Rémy,BP 40190,57603.0,FORBACH Cedex,6.898134,49.18701899999999,"49.18701899999999,6.898134",,Grand Est,6.898134,49.18701899999999,
Centre Dramatique National,THEATRE DE LA COMMUNE,CENTRE DRAMATIQUE NATIONAL D’AUBERVILLIERS,"2, rue Edouard Poisson",B.P. 157,93304.0,AUBERVILLIERS CEDEX,2.3850020000000005,48.910481999999995,"48.910481999999995,2.3850020000000005",,Île-de-France,2.385002,48.910481999999995,
Centre chorégraphique national,Centre chorégraphique national de Roubaix Nord-Pas-de-Calais,,"33, rue de l'Épeule",,59100.0,Roubaix,3.162677,50.691121,"50.691121,3.162677","50.691102, 3.162746",Hauts-de-France,3.162677,50.691121,
SMAC,Le Fil,Association Ligérienne de musiques actuelles,20 rue St Joseph,,42000.0,SAINT-ETIENNE,,,,"45.442255, 4.375612",Auvergne-Rhône-Alpes,4.375612,45.442255,
Scène Nationale,Action Culturelle du Barrois  - Scène nationale,,"7, rue Jeanne d’Arc",,55000.0,BAR LE DUC,5.161136,48.77680399999999,"48.77680399999999,5.161136","48.776736, 5.161345",Grand Est,5.161136,48.77680399999999,
Scène Nationale,Le Théâtre - Scène Nationale,,"2, avenue Domitius",,11100.0,NARBONNE,2.998854,43.20257,"43.20257,2.998854","43.180232, 3.014167",Occitanie,2.9988539999999997,43.20257,
SMAC,La Rodia,,Avenue de Chardonnet,,25000.0,BESANCON,,,,"47.232913, 6.038004",Bourgogne-Franche-Comté,6.038004,47.232913,
FRAC,Fonds régional d'art contemporain PAYS-DE-LA-LOIRE,,La Fleuriaye,,44470.0,CARQUEFOU,,,,"47.301234, -1.504373",Pays de la Loire,-1.504373,47.301234,
Centre chorégraphique national,Centre chorégraphique national à La Rochelle,,Chapelle Fromentin,"14, rue du collège",17025.0,La Rochelle cedex 1,-1.17311,46.159895,"46.159895,-1.17311",,Nouvelle-Aquitaine,-1.17311,46.159895,
FRAC,Fonds régional d'art contemporain NORD-PAS-DE-CALAIS,,"930, avenue Rosendaël",,59240.0,DUNKERQUE,,,,"51.037813, 2.398842",Hauts-de-France,2.398842,51.037813,
FRAC,Fonds régional d'art contemporain BASSE-NORMANDIE,,"9, rue Vaubenard",,14000.0,CAEN,,,,"49.187613, -0.346583",Normandie,-0.346583,49.187613,
FRAC,Fonds régional d'art contemporain RHONE-ALPES,,11 rue du Docteur Dolard,,69100.0,VILLEURBANNE,,,,"45.762473, 4.872414",Auvergne-Rhône-Alpes,4.872414,45.762473,
Opéra en région,Théâtre du Capitole de Toulouse,,-,B.P. 129,31014.0,TOULOUSE Cedex 6,1.439218,43.60800600000001,"43.60800600000001,1.439218",,Occitanie,1.4392179999999999,43.60800600000001,
Scène Nationale,Théâtre Jean Lurçat - Scène nationale,,Avenue des Lissiers,BP 11,23200.0,AUBUSSON,2.168553,45.954685999999995,"45.954685999999995,2.168553","45.95457, 2.170185",Nouvelle-Aquitaine,2.168553,45.954685999999995,
SMAC,Le Cabaret Aléatoire SMAC d'agglomération marseillaise,association Autokab,41 rue Jobin,,13003.0,MARSEILLE,,,,"43.309625, 5.390326",Provence-Alpes-Côte d'Azur,5.390326,43.309625,
SMAC en cours de labellisation,Le Forum,Commune de Vauréal,Boulevard de l’Oise,,95490.0,VAUREAL,,,,"49.02959, 2.022081",Île-de-France,2.022081,49.02959,
Centre chorégraphique national,Ballet de l'Opéra national du Rhin,,"38, passage du Théâtre",,68100.0,Mulhouse,7.3392719999999985,47.745475,"47.745475,7.3392719999999985","47.745405, 7.339012",Grand Est,7.339271999999998,47.745475,
SMAC en cours de labellisation,Deux pièces cuisine,Commune du Blanc-Mesnil,42 avenue Paul Vaillant Couturier,,93150.0,LE BLANC-MESNIL,,,,"48.928585, 2.476136",Île-de-France,2.476136,48.928585,
Scène Nationale,L’Artchipel – Scène nationale,,avenue du Général Félix Eboué,BP 280,97100.0,BASSE TERRE Cedex,-61.72790599999999,15.992473000000002,"15.992473000000002,-61.72790599999999","15.994165, -61.726048",,-61.72790599999999,15.992473000000002,
Scène Nationale,Théâtre 71 - Scène nationale,,"3, place du 11 Novembre",,92240.0,MALAKOFF,2.302274,48.821289,"48.821289,2.302274","48.821161, 2.30155",Île-de-France,2.302274,48.821289,
SMAC,L'Ampli,Ampli Association,Allée Montesquieu,,64140.0,BILIERE,,,,"43.302274, -0.39902",Nouvelle-Aquitaine,-0.39902000000000004,43.302274,
Centre Dramatique National,THEATRE NATIONAL DE MARSEILLE,TNM La Criée,"30, quai de Rive Neuve",,13284.0,MARSEILLE CEDEX 7,5.368406000000001,43.29278599999999,"43.29278599999999,5.368406000000001",,Provence-Alpes-Côte d'Azur,5.368406000000001,43.29278599999999,
Scène Nationale,Lux - Scène nationale,,"36, boulevard du Général de Gaulle",,26000.0,VALENCE,4.894301,44.93031399999999,"44.93031399999999,4.894301","44.930191, 4.893946",Auvergne-Rhône-Alpes,4.8943010000000005,44.93031399999999,
Centre Dramatique National,LA COMEDIE DE SAINT-ETIENNE,,"7, avenue Emile Loubet",,42000.0,SAINT-ETIENNE,4.383267,45.43589799999999,"45.43589799999999,4.383267","45.435508, 4.383442",Auvergne-Rhône-Alpes,4.383267,45.43589799999999,
Centre d’art,CCC DE TOURS,CENTRE DE CRÉATION CONTEMPORAINE,"53-55, rue Marcel Tribut",,37000.0,TOURS,,,,"47.389465, 0.699598",Centre-Val de Loire,0.6995979999999999,47.389465,
Opéra en région,Opera de Rennes,,-,,35031.0,RENNES CEDEX,-1.680227,48.11035300000002,"48.11035300000002,-1.680227",,Bretagne,-1.680227,48.11035300000002,
Scène Nationale,La Comédie de Clermont-Ferrand,,Rue Abbé de l’Épée,,63000.0,CLERMONT-FERRAND,3.084558,45.76992700000001,"45.76992700000001,3.084558","45.769728, 3.085876",Auvergne-Rhône-Alpes,3.084558,45.76992700000001,
Centre d’art,LA CRIÉE CENTRE D'ART CONTEMPORAIN,,Place Honoré Commeurec,,35000.0,RENNES,,,,"48.1084, -1.67969",Bretagne,-1.67969,48.1084,
Centre d’art,LA CHAPELLE JEANNE D'ARC,,Place Jeanne d'Arc,,79100.0,THOUARS,,,,"46.98482, -0.210144",Nouvelle-Aquitaine,-0.210144,46.98482,
SMAC,File 7,File 7 – Café musique du Val d'Europe,"4, rue des Labours",,77700.0,MAGNY-LE-HONGRE,,,,"48.86399, 2.813127",Île-de-France,2.8131269999999997,48.86399,
Centre national des arts de la rue,Le Citron jaune,,30 avenur Max Dormoy,,13230.0,PORT-SAINT-LOUIS-DU-RHONE,4.812356,43.391278000000014,"43.391278000000014,4.812356","43.391538, 4.812977",Provence-Alpes-Côte d'Azur,4.812356,43.391278000000014,
FRAC,Fonds régional d'art contemporain AUVERGNE,,"1, rue Barbançon",,63000.0,CLERMONT-FERRAND,,,,"45.778372, 3.086687",Auvergne-Rhône-Alpes,3.086687,45.778372,
Centre national des arts de la rue,L'Abattoir,,"52, quai Saint Cosme",,71100.0,CHALON-SUR-SAONE,4.846402000000001,46.77560799999999,"46.77560799999999,4.846402000000001","46.775136, 4.84575",Bourgogne-Franche-Comté,4.846402000000001,46.77560799999999,
Centre national des arts de la rue,La Paperie,,Rue de la Paperie,,49124.0,SAINT BARTHELEMY D'ANJOU,-0.512408,47.46310599999999,"47.46310599999999,-0.512408","47.466077, -0.509353",Pays de la Loire,-0.512408,47.46310599999999,
Scène Nationale,Maison de la Culture de Bourges,,Place André Malraux,BP 257,18000.0,BOURGES Cedex,2.401528,47.06516500000001,"47.06516500000001,2.401528","47.067036, 2.390459",Centre-Val de Loire,2.401528,47.06516500000001,
SMAC,La Sirène,XLR Espace musiques actuelles/  La Palice,"111, boulevard Emile Delmas",La Pallice,17000.0,LA ROCHELLE,,,,"46.160488, -1.215798",Nouvelle-Aquitaine,-1.215798,46.160488,
Pôle cirque,La Cascade,,Avenue de Tourne,,7700.0,BOURG-SAINT-ANDEOL,,,,"44.369746, 4.642929",Auvergne-Rhône-Alpes,4.642929,44.369746,
Centre chorégraphique national,Centre chorégraphique national deTours,,"47, rue du Sergent Leclerc",,37000.0,Tours,0.675551,47.377714000000005,"47.377714000000005,0.675551","47.37777, 0.6755",Centre-Val de Loire,0.675551,47.377714000000005,
SMAC,L'Empreinte,régie municipale,"301, avenue de l'Europe",,77176.0,SAVIGNY-LE-TEMPLE,,,,"48.595426, 2.585043",Île-de-France,2.5850429999999998,48.595426,
SMAC,Fuzz'Yon,Association fuzz'Yon,"18, rue Sadi Carnot",BP 183,85000.0,LA ROCHE-SUR-YON,,,,"46.670775, -1.423575",Pays de la Loire,-1.423575,46.670775,
Scène Nationale,Le Phénix  - Scène nationale de Valenciennes,,Boulevard Henri Harpignies,,59300.0,VALENCIENNES Cedex,3.5339509999999996,50.36142600000001,"50.36142600000001,3.5339509999999996","50.364409, 3.524458",Hauts-de-France,3.533950999999999,50.36142600000001,
Centre d’art,PASSAGES - CENTRE D'ART CONTEMPORAIN,,"9, rue Jeanne d'Arc",,10000.0,TROYES,,,,"48.292305, 4.067997",Grand Est,4.067997,48.292305,
Centres nationaux de création musicale,Groupe de musique expérimentale de Marseille (GMEM),,"15, rue de Cassis",,13008.0,Marseille,5.389298999999999,43.279554999999995,"43.279554999999995,5.389298999999999","43.27968, 5.389358",Provence-Alpes-Côte d'Azur,5.389298999999999,43.279554999999995,
SMAC,L'Usine à chapeau,"Maison des jeunes et de la culture de Rambouillet, Centre social l'Usine à Chapeaux","C/O MJC 32, rue Gambetta",,78120.0,RAMBOUILLET,,,,"48.646114, 1.826622",Île-de-France,1.826622,48.646114,
Orchestre Permanent,Orchestre Philharmonique de Strasbourg,,Place de Bordeaux-Wacken,Palais de la Musique et des Congrès,67076.0,Strasbourg Cedex,7.786679,48.622814,"48.622814,7.786679",,Grand Est,7.786679,48.622814,
SMAC,Les Docks,EPCI,430 allée des soupirs,,46000.0,CAHORS,,,,"44.444665, 1.433007",Occitanie,1.433007,44.444665,
FRAC,Fonds régional d'art contemporain ALSACE,Agence culturelle d'Alsace,"1, espace Gilbert Estève BP 25",,67600.0,SELESTAT,,,,"48.255557, 7.457459",Grand Est,7.457459,48.255557,
FRAC,Fonds régional d'art contemporain MIDI-PYRENEES,LES ABATTOIRS,"76, allée Charles de Fitte",,31300.0,TOULOUSE,,,,"43.600678, 1.428998",Occitanie,1.428998,43.600678,
SMAC,L'Astrolabe,Association Antirouille,"1, rue Alexandre Avisse",C/O association l' Antirouille,45000.0,ORLEANS,,,,"47.903267, 1.892976",Centre-Val de Loire,1.892976,47.903267,
Centre chorégraphique national,Ballet national de Marseille,,"20, bd de Gabès",,13417.0,Marseille Cedex 08,5.383504,43.265056,"43.265056,5.383504",,Provence-Alpes-Côte d'Azur,5.383504,43.265056,
FRAC,Fonds régional d'art contemporain LORRAINE,49 NORD 6 EST,"1 bis, rue des Trinitaires",,57000.0,METZ,,,,"49.120613, 6.179196",Grand Est,6.179196,49.120613,
SMAC,La Laiterie,La laiterie Artefact PRL,"13, rue du Hohwald",,67000.0,STRASBOURG,,,,"48.576071, 7.729923",Grand Est,7.729923,48.576071,
Scène Nationale,Théâtre de Cavaillon - Scène nationale,,rue du Languedoc,BP 205,84300.0,CAVAILLON Cedex,5.042427,43.83258800000001,"43.83258800000001,5.042427","43.83256, 5.04245",Provence-Alpes-Côte d'Azur,5.042427,43.83258800000001,
Scène Nationale,Centre Culturel du Blésois - Scène nationale,,Place de la République,BP 179,41000.0,BLOIS,1.3338,47.589372000000004,"47.589372000000004,1.3338","47.589955, 1.333897",Centre-Val de Loire,1.3338,47.589372000000004,
Centre Dramatique National,CENTRE DRAMATIQUE NATIONAL D’ORLEANS,,Carré Saint-Vincent,,45000.0,ORLEANS,1.916929,47.91864699999999,"47.91864699999999,1.916929","47.904183, 1.91292",Centre-Val de Loire,1.916929,47.91864699999999,
Orchestre Permanent,Orchestre d'Auvergne,,"La Diode - 190/194, boulevard Gustave Flaubert",,63000.0,Clermont-Ferrand,3.122875,45.770512,"45.770512,3.122875","45.766259, 3.125066",Auvergne-Rhône-Alpes,3.122875,45.770512,
Orchestre Permanent,Orchestre national de Montpellier Languedoc-Roussillon,,Le Corum,BP 9056,34041.0,Montpellier,3.882074,43.613244,"43.613244,3.882074",,Occitanie,3.882074,43.613244,
Scène Nationale,Théâtre du Merlan - Scène nationale,,Avenue Raimu,BP 153,13307.0,MARSEILLE Cedex 14,5.398464,43.331385000000004,"43.331385000000004,5.398464",,Provence-Alpes-Côte d'Azur,5.398464,43.331385000000004,
SMAC en cours de labellisation,La Boite à musique BAM / Les Trinitaires,EPCC Metz en Scènes,20 boulevard d'Alsace,,57000.0,METZ,,,,"49.116896, 6.184895",Grand Est,6.184895,49.116896,
Centre Dramatique National,LA COMEDIE DE VALENCE,Centre dramatique national Drôme-Ardèche,Place Charles-Huguenel,,26000.0,VALENCE,4.892212,44.934492999999996,"44.934492999999996,4.892212","44.934549, 4.892308",Auvergne-Rhône-Alpes,4.892212,44.934492999999996,
Opéra en région,Opéra Theatre d’Avignon et des pays de Vaucluse,,B.P. 111,,84007.0,AVIGNON Cedex,4.821076,43.93483399999998,"43.93483399999998,4.821076",,Provence-Alpes-Côte d'Azur,4.821076,43.93483399999998,
Centre chorégraphique national,Centre chorégraphique national d'Aix-en-Provence - Ballet Preljocaj,,Pavillon Noir,530 avenue Mozart,13627.0,Aix-en-Provence Cedex 01,5.470849,43.551174,"43.551174,5.470849",,Provence-Alpes-Côte d'Azur,5.470849,43.551174,
Orchestre Permanent,L'Ensemble de Basse-Normandie,,"4, rue de l’hôtellerie",,14120.0,MONDEVILLE,-0.317366,49.176447,"49.176447,-0.317366","49.184957, -0.310136",Normandie,-0.317366,49.176447,
Orchestre Permanent,Ensemble Orchestral de Paris,,"125, rue Aristide Briand",,92300.0,LEVALLOIS-PERRET,2.295428,48.89548600000001,"48.89548600000001,2.295428","48.895515, 2.295392",Île-de-France,2.295428,48.89548600000001,
Centre de développement chorégraphique,Biennale nationale de danse du Val-de-Marne,,,,94400.0,VITRY-SUR-SEINE,,,,"48.787238, 2.391594",Île-de-France,2.391594,48.787238,
SMAC en cours de labellisation,L'Affranchi SMAC d'agglomération marseillaise,association R'Vallée,"212, boulevard Saint Marcel",,13011.0,MARSEILLE,,,,"43.286268, 5.469297",Provence-Alpes-Côte d'Azur,5.469297,43.286268,
Scène Nationale,La Coupole - Scène nationale,Centre de Création et de Diffusion Artistique de Sénart,rue Jean-François Millet,,77380.0,COMBS-LA-VILLE,2.545007,48.665251,"48.665251,2.545007","48.659346, 2.567974",Île-de-France,2.545007,48.665251,
Centre d’art,CEAAC - CENTRE EUROPEEN D'ACTIONS,ARTISTIQUES CONTEMPORAINES,"7, rue de l'Abreuvoir",,67000.0,STRASBOURG,,,,"48.578947, 7.760034",Grand Est,7.760034,48.578947,
Orchestre Permanent,Orchestre national de Bordeaux-Aquitaine,,Place de la Comédie,BP 95,33025.0,Bordeaux Cedex,-0.574308,44.84234200000002,"44.84234200000002,-0.574308",,Nouvelle-Aquitaine,-0.5743079999999999,44.84234200000002,
Centre de développement chorégraphique,Le Cuvier / CDC d'Aquitaine Artigues-près-Bordeaux,,,,33370.0,ARTIGUES-PRES-BORDEAUX,,,,"44.858314, -0.497405",Nouvelle-Aquitaine,-0.497405,44.858314,
Scène Nationale,Théâtre de Cornouaille - Scène nationale de Quimper,,"1, esplanade François Mitterrand",,29000.0,QUIMPER Cedex,-4.085539,47.963675999999985,"47.963675999999985,-4.085539","47.995959, -4.109662",Bretagne,-4.085539,47.963675999999985,
SMAC,L 'Aéronef,Les Spectacles sans gravités,"Avenue Willy Brandt, 168",Centre Commercial,59777.0,LILLE,,,,"50.636617, 3.074141",Hauts-de-France,3.074141,50.636617,
Opéra en région,Opéra de Tours,,34 rue de la Sellerie,,37000.0,TOURS,0.690005,47.394377999999996,"47.394377999999996,0.690005","47.394422, 0.689971",Centre-Val de Loire,0.690005,47.394377999999996,
Centre chorégraphique national,Centre chorégraphique national de Créteil et du Val-de-Marne,,Maison des Arts Place Salvador Allende,,94000.0,Créteil,2.4579109999999997,48.800463,"48.800463,2.4579109999999997",,Île-de-France,2.457910999999999,48.800463,
Scène Nationale,L'Arc - Scène nationale,,Esplanade François Mitterrand,BP 5,71200.0,LE CREUSOT Cedex,4.430211,46.806533999999985,"46.806533999999985,4.430211","46.80645, 4.429984",Bourgogne-Franche-Comté,4.430211,46.806533999999985,
SMAC,Tandem,Association Tandem,"19, rue Paul Lendrin BP 715",,83000.0,TOULON,,,,"43.123154, 5.934153",Provence-Alpes-Côte d'Azur,5.934153,43.123154,
Centre Dramatique National,CENTRE DRAMATIQUE NATIONAL DES ALPES,,"4, rue Paul Claudel",B.P. 2448,38034.0,GRENOBLE CEDEX 2,5.732392000000001,45.17164,"45.17164,5.732392000000001",,Auvergne-Rhône-Alpes,5.732392000000001,45.17164,
SMAC en cours de labellisation,MJC du Verdunois,La Passerelle,2 place André Maginot,,55430.0,BELLEVILLE-SUR-MEUSE,,,,"49.175299, 5.379429",Grand Est,5.379429,49.175299,
Centre Dramatique National,LA COMEDIE DE CAEN,,"1, square du Théâtre",BP 94,14203.0,Hérouville Saint-Clair Cedex,-0.344908,49.22016800000002,"49.22016800000002,-0.344908",,Normandie,-0.344908,49.22016800000002,
Opéra en région,Opéra de Lille,,2 rue des Bons Enfants,BP 133,59001.0,LILLE CEDEX,3.0652490000000006,50.638211999999996,"50.638211999999996,3.0652490000000006",,Hauts-de-France,3.065249,50.638211999999996,
Centre Dramatique National,THEATRE DE LORIENT,CENTRE DRAMATIQUE NATIONAL DE BRETAGNE,"11, rue Claire Droneau",B.P. 726,56107.0,LORIENT CEDEX,-3.3740629999999996,47.744379000000016,"47.744379000000016,-3.3740629999999996",,Bretagne,-3.374062999999999,47.744379000000016,
Centre national des arts de la rue,Usines Boinot,,3 rue de la Chamoiserie,,79000.0,NIORT,-0.46987199999999996,46.32470099999998,"46.32470099999998,-0.46987199999999996","46.324598, -0.469989",Nouvelle-Aquitaine,-0.469871999999999,46.32470099999998,
FRAC,Fonds régional d'art contemporain POITOU-CHARENTES,,"63, boulevard Besson Bey",,16000.0,ANGOULÊME,,,,"45.654456, 0.158254",Nouvelle-Aquitaine,0.158254,45.654456,
SMAC,Le Chato d'O,Association Mars,"113, avenue de Vendôme",,41000.0,BLOIS,,,,"47.605351, 1.313512",Centre-Val de Loire,1.313512,47.605351,
Scène Nationale,La Comète - Scène nationale,,"5, rue des Fripier",BP 233,51010.0,CHALONS EN CHAMPAGNE,4.363944,48.95629700000001,"48.95629700000001,4.363944",,Grand Est,4.363944,48.956297000000006,
SMAC,SMAC d'agglomération Bordelaise : Aréma rock et chanson,,"181, rue François Boucher",,33400.0,TALENCE,,,,"44.792841, -0.586843",Nouvelle-Aquitaine,-0.586843,44.792841,
Scène Nationale,Espace Besançon Planoise - Scène nationale,,Place de l’Europe,BP 2033,25050.0,BESANÇON Cedex,5.973351,47.217925999999984,"47.217925999999984,5.973351",,Bourgogne-Franche-Comté,5.973351,47.217925999999984,
Centre Dramatique Régional,THEATRE DES DEUX RIVES,CENTRE DE CREATION DRAMATIQUE DE HAUTE-NORMANDIE,"48, rue Louis Ricard",,76000.0,ROUEN,1.100427,49.44675900000001,"49.44675900000001,1.100427","49.446546, 1.100425",Normandie,1.100427,49.44675900000001,
Centre d’art,CENTRE RHÉNAN D'ART CONTEMPORAIN,CRAC ALSACE,"18, rue du Château",,68130.0,ALTKIRCH,,,,"47.625137, 7.239095",Grand Est,7.239095,47.625137,
Centre d’art,LE PARVIS CENTRE D'ART CONTEMPORAIN,DE LA SCÈNE NATIONALE,Centre Le  Méridien,,65420.0,IBOS,,,,"43.239779, 0.015476",Occitanie,0.015475999999999998,43.239779,
Orchestre Permanent,Orchestre de chambre de Toulouse,,"22, allée de Barcelone",,31000.0,TOULOUSE,1.420983,43.61015300000002,"43.61015300000002,1.420983","43.605728, 1.433403",Occitanie,1.420983,43.61015300000002,
Centre chorégraphique national,Centre chorégraphique national de Caen et de Basse-Normandie,,11 rue du Carel,BP 75411,14054.0,Caen cedex 4,-0.371104,49.17986799999999,"49.17986799999999,-0.371104",,Normandie,-0.371104,49.17986799999999,
SMAC,La Cartonnerie,REMCA,"84, rue du Docteur Lemoine",,51100.0,REIMS,,,,"49.268191, 4.03583",Grand Est,4.03583,49.268191,
SMAC,"SMAC départementale : Rocksane (Bergerac), Le Sans Réserve et IMR (Périgueux)",Rocksane Overlook / Sans Réserve/ Institut des musiques rock,,,,BERGERAC | PERIGUEUX |PERIGUEUX,,,,"45.177359, 0.725478",Nouvelle-Aquitaine,0.725478,45.177359,
SMAC en cours de labellisation,La Belle Electrique,Association MixLab,12 esplanade Andry-Farcy,,38000.0,GRENOBLE,,,,"45.187197, 5.70455",Auvergne-Rhône-Alpes,5.70455,45.187197,
Scène Nationale,Les Gémeaux - Scène nationale,,"49, avenue Georges Clemenceau",,92330.0,SCEAUX,2.306596,48.78380600000002,"48.78380600000002,2.306596","48.7839, 2.306475",Île-de-France,2.306596,48.78380600000002,
SMAC,Le Jardin Moderne (projet SMAC d’agglomération rennaise),association Le Jardin Moderne,"11, rue du Manoir de Servigné",,35000.0,RENNES,,,,"48.102259, -1.725756",Bretagne,-1.725756,48.102259,
FRAC,Fonds régional d'art contemporain CENTRE,,"12, rue de la Tour-Neuve",,45000.0,ORLÉANS,,,,"47.899084, 1.913643",Centre-Val de Loire,1.913643,47.899084,
Pôle cirque,La Verrerie d'Alès,,Chemin de St Raby,BP 20263,30100.0,ALES,,,,"44.12818, 4.065853",Occitanie,4.065853,44.12818,
Centre d’art,ATELIERS DE L'IMPRIME,CENTRE D'ART CONTEMPORAIN,12 rue Taupanne,,86100.0,CHÂTELLERAULT,,,,"46.819975, 0.543428",Nouvelle-Aquitaine,0.543428,46.819975,
SMAC,Victoire II,Association Stand'art,"2, rue T Renaudot",Domaine du Mas de Grille,34430.0,SAINT-JEAN-DE-VEDAS,,,,"43.574682, 3.850943",Occitanie,3.850943,43.574682,
Centre d’art,ACTE DE NAISSANCE,GALERIE L'H DU SIÈGE,"15, rue de l'Hôpital de Siège",,59300.0,VALENCIENNES,,,,"50.352224, 3.520612",Hauts-de-France,3.520612,50.352224,
Scène Nationale,MC2,Maison de la Culture de Grenoble,4 rue Paul Claudel,CS 92448,38034.0,GRENOBLE Cedex 2,5.730066,45.16775999999999,"45.16775999999999,5.730066",,Auvergne-Rhône-Alpes,5.730066,45.16775999999999,
Centre chorégraphique national,Centre chorégraphique national de Rennes et de Bretagne,,"38, rue Saint-Mélaine",,35060.0,Rennes Cedex 3,-1.6754649999999998,48.114799,"48.114799,-1.6754649999999998",,Bretagne,-1.675464999999999,48.114799,
Scène Nationale,Maison de la Culture d’Amiens - Scène nationale,,"2, Place Léon Gontier",BP 0631,80000.0,AMIENS,2.293111,49.89419199999999,"49.89419199999999,2.293111","49.89407, 2.292451",Hauts-de-France,2.293111,49.89419199999999,
SMAC,Le Silex/ Jazz Club d'Auxerre,Service Compris,"7, rue de l'ïle aux plaisirs",cité des Musiques,89000.0,AUXERRE,,,,"47.795498, 3.58031",Bourgogne-Franche-Comté,3.58031,47.795498,
Centre Dramatique National,THEATRE NATIONAL DE NICE,,Promenade des Arts,,6300.0,NICE,7.275861,43.70619500000002,"43.70619500000002,7.275861",,Provence-Alpes-Côte d'Azur,7.275861,43.70619500000002,
Scène Nationale,Culture commune - Scène nationale,,"11/19, rue de Bourgogne",,62750.0,LOOS-EN-GOHELLE,2.787572,50.441917,"50.441917,2.787572","50.442657, 2.789213",Hauts-de-France,2.787572,50.441917,
Scène Nationale,Lieu Unique - Scène nationale,,"2, rue de la Biscuiterie",BP 21304,44000.0,NANTES Cedex 1,-1.54477,47.21529000000002,"47.21529000000002,-1.54477","47.215155, -1.545073",Pays de la Loire,-1.5447700000000002,47.21529000000002,
Scène Nationale,Le Parvis / Scène nationale Tarbes-Pyrénées,Centre Méridien,"Centre Commercial Le Méridien, Route de Pau",,65420.0,IBOS,-0.008175,43.242247999999975,"43.242247999999975,-0.008175","43.241052, 0.019087",Occitanie,-0.008175,43.242247999999975,
Orchestre Permanent,Orchestre national de Lille,,"3, place Mendès-France",BP 119,59027.0,Lille Cedex,3.019732,50.636335,"50.636335,3.019732",,Hauts-de-France,3.019732,50.636335,
Centre d’art,LA SYNAGOGUE DE DELME,CENTRE D'ART CONTEMPORAIN,"33, rue Raymond Poincaré",,57590.0,DELME,,,,"48.888718, 6.38938",Grand Est,6.38938,48.888718,
Centre d’art,MAISON DES ARTS GEORGES POMPIDOU,,Route de Gréalou,,46160.0,CAJARC-SUR-LOT,,,,"44.508858, 1.925494",Occitanie,1.925494,44.508858,
Pôle cirque,Circuits,,Rue Guynemer,Centre Cuzin,32000.0,AUCH,,,,"43.647236, 0.582284",Occitanie,0.582284,43.647236,
SMAC,ATM (projet SMAC d'agglomération rennaise),Association Trans Musicales,"10/12, rue Jean Guy",-CS 73912,35000.0,RENNES,,,,"48.106842, -1.695181",Bretagne,-1.6951809999999998,48.106842,
SMAC,La Gare,Association AVEC,Place du Marché,,84660.0,MAUBEC,,,,"43.867831, 5.143548",Provence-Alpes-Côte d'Azur,5.143548,43.867831,
Scène Nationale,Le Grand R,,Esplanade Jeannie Mazurelle,,85000.0,LA-ROCHE-SUR-YON Cedex,-1.429359,46.66772500000001,"46.66772500000001,-1.429359",,Pays de la Loire,-1.429359,46.66772500000001,
Centre d’art,WHARF - CENTRE D'ART CONTEMPORAIN,DE BASSE-NORMANDIE,"7, passage de la Poste",,14200.0,HÉROUVILLE SAINT-CLAIR,,,,"49.203271, -0.333183",Normandie,-0.333183,49.203271,
SMAC,SMAC d'agglomération Bordelaise : Krakatoa,Transrock,"3, avenue Victor Hugo",C/o Transrock,33700.0,MERIGNAC,,,,"44.823628, -0.62452",Nouvelle-Aquitaine,-0.6245200000000001,44.823628,
SMAC,Le Triton,,"11 bis, rue du Coq Français",,93260.0,LES LILAS,,,,"48.878456, 2.414876",Île-de-France,2.414876,48.878456,
SMAC,Espace Michel Berger (EMB),ADAME Association pour le développement et l'aide aux musiques électroniques,"2, rue Georges Pompidou",,95110.0,SANNOIS,,,,"48.973023, 2.262891",Île-de-France,2.2628909999999998,48.973023,
FRAC,Fonds régional d'art contemporain LIMOUSIN,,"""Les Coopérateurs"" - Impasse des Charentes",,87100.0,LIMOGES,,,,"45.858524, 1.255511",Nouvelle-Aquitaine,1.255511,45.858524,
FRAC,Fonds régional d'art contemporain PROVENCE-ALPES-CÔTE D'AZUR,,"1, place Francis-Chirat",,13002.0,MARSEILLE,,,,"43.300923, 5.367292",Provence-Alpes-Côte d'Azur,5.367292,43.300923,
Centre d’art,CENTRE D'ART CONTEMPORAIN,Le LAIT,"35, rue Chambre de l'Edit",,81100.0,CASTRES,,,,"43.604466, 2.238475",Occitanie,2.238475,43.604466,
Centres nationaux de création musicale,La Muse en Circuit,,"18, rue Marcelin Berthelot",,94140.0,Alfortville,2.412615,48.813405,"48.813405,2.412615","48.813297, 2.412578",Île-de-France,2.4126149999999997,48.813405,
Centre national des arts de la rue,Le Parapluie,,"20, rue de la Coste",BP 205,15002.0,AURILLAC cedex,2.469214,44.96161399999999,"44.96161399999999,2.469214",,Auvergne-Rhône-Alpes,2.469214,44.96161399999999,
Centre d’art,LA KUNSTHALLE,,La Fonderie,,68100.0,MULHOUSE,,,,"47.739008, 7.331286",Grand Est,7.331286,47.739008,
Orchestre Permanent,Orchestre symphonique du Rhin-Mulhouse,,"La Filature - 20, allée Nathan Katz",,68090.0,Mulhouse cedex,7.351713000000001,47.75726,"47.75726,7.351713000000001",,Grand Est,7.351713000000001,47.75726,
SMAC,Le Florida,Adem Association pour le développement de l'expression musicale,"95, boulevard Carnot",,47000.0,AGEN,,,,"44.202916, 0.620457",Nouvelle-Aquitaine,0.6204569999999999,44.202916,
Centre d’art,CENTRE D'ART PASSERELLE,,41 rue Charles Berthelot,,29200.0,BREST,,,,"48.397838, -4.479698",Bretagne,-4.479698,48.397838,
Centre chorégraphique national,Centre chorégraphique national de Franche-Comté à Belfort,,"3, avenue de l'Espérance",,90000.0,Belfort,6.862670999999999,47.64154,"47.64154,6.862670999999999","47.641339, 6.862661",Bourgogne-Franche-Comté,6.862670999999999,47.64154,
Centre de développement chorégraphique,Centre de développement chorégraphique Toulouse / midi-Pyrénées,,,,31300.0,TOULOUSE,,,,"43.604268, 1.441019",Occitanie,1.441019,43.604268,
Pôle cirque,Le Cirque-Théâtre d’Elbeuf,,2 Rue Augustin Henry,BP 80356,76500.0,ELBEUF,,,,"49.290545, 1.010811",Normandie,1.010811,49.290545,
Opéra en région,Opéra National de Lyon,,1 place de la Comédie,,66203.0,LYON Cedex,4.837869,45.76813999999999,"45.76813999999999,4.837869",,Auvergne-Rhône-Alpes,4.8378689999999995,45.76813999999999,
Scène Nationale,L’Equinoxe - Scène nationale,,"CS 60306, Avenue Charles de Gaulle",BP 306,36000.0,CHATEAUROUX,1.693225,46.80716699999999,"46.80716699999999,1.693225","46.808249, 1.691556",Centre-Val de Loire,1.693225,46.80716699999999,
Centre d’art,LE PLATEAU,,33 rue des Alouettes,,75019.0,PARIS,,,,"48.878195, 2.385454",Île-de-France,2.385454,48.878195,
SMAC,SMAC d'agglomération Bordelaise : Le Rocher de Palmer,,"1, rue Aristide Briand",,33150.0,saint nazaire,,,,"44.861266, -0.523474",Nouvelle-Aquitaine,-0.523474,44.861266,
Centre Dramatique National,NOUVEAU THEATRE D’ANGERS,Théâtre Le Quai,17 rue de la Tannerie,B.P. 10103,49101.0,ANGERS CEDEX 02,-0.565009,47.472959999999986,"47.472959999999986,-0.565009",,Pays de la Loire,-0.565009,47.472959999999986,
Centre d’art,CENTRE DU LIVRE D'ARTISTE PAYS-PAYSAGE,,"1, place Attane",,87500.0,SAINT-YRIEIX-LA-PERCHE,,,,"45.515511, 1.202284",Nouvelle-Aquitaine,1.202284,45.515511,
SMAC,la Vapeur,Régie personnalisée,"42, avenue de Stalingrad",,21000.0,DIJON,,,,"47.346335, 5.059448",Bourgogne-Franche-Comté,5.059448,47.346335,
Scène Nationale,Espace Malraux / Scène nationale Chambéry-Savoie,,"67, place François Mitterrand",BP 147,73000.0,CHAMBERY Cedex,5.925292,45.566827,"45.566827,5.925292","45.563335, 5.924479",Auvergne-Rhône-Alpes,5.925292,45.566827,
Scène Nationale,Scène nationale Évreux-Louviers,,Place Charles de Gaulle,,27000.0,ÉVREUX,1.15116,49.02733299999999,"49.02733299999999,1.15116","49.027378, 1.150741",Normandie,1.15116,49.02733299999999,
Scène Nationale,L'Allan - Scène Nationale de Montbéliard,,"54, rue Clemenceau",BP 236,25204.0,MONTBÉLIARD Cedex,6.797719,47.511205000000004,"47.511205000000004,6.797719",,Bourgogne-Franche-Comté,6.797719,47.511205000000004,
Centre Dramatique National,THEATRE NATIONAL DE TOULOUSE MIDI-PYRENEES,,"1, rue Pierre Baudis",B.P. 50919,31009.0,TOULOUSE Cedex 06,1.449791,43.603784,"43.603784,1.449791",,Occitanie,1.449791,43.603784,
SMAC,Les Abattoirs,,Route de lIsle d'Abeau,,38300.0,BOURGOIN-JALLIEU,,,,"45.602731, 5.263921",Auvergne-Rhône-Alpes,5.263921,45.602731,
SMAC en cours de labellisation,Espace Julien SMAC d'agglomération marseillaise,association Teknicité,"39, cours Julien",,13006.0,MARSEILLE,,,,"43.294366, 5.383364",Provence-Alpes-Côte d'Azur,5.383364,43.294366,
SMAC,"SMAC départementale Landes :
Café Music

LMA",AMAC / LMA,,,,Mont de Marsan |Saint Vincent de Tyrosse,,,,"43.655576, -1.301236",Nouvelle-Aquitaine,-1.301236,43.655575999999996,
Centre d’art,PARC SAINT LEGER,CENTRE D'ART CONTEMPORAIN,Avenue Conti,,58320.0,POUGUES-LES-EAUX,,,,"47.078946, 3.099219",Bourgogne-Franche-Comté,3.099219,47.078946,
Centre de développement chorégraphique,Art Danse Bourgogne,,,,21000.0,DIJON,,,,"47.322982, 5.041742",Bourgogne-Franche-Comté,5.041742,47.322982,
Orchestre Permanent,Orchestre national du Capitole de Toulouse,,Halle aux Grains - Place Dupuy,,31000.0,TOULOUSE,1.4543900000000003,43.599574999999994,"43.599574999999994,1.4543900000000003",,Occitanie,1.45439,43.599574999999994,
SMAC,Jazzdor,Jazzdor Festival,"25, rue des Frères",,67000.0,STRASBOURG,,,,"48.582945, 7.753095",Grand Est,7.753095,48.582945,
SMAC,Le Grand Mix,Association la Passerelle,"25, rue du Calvaire",,59200.0,TOURCOING,,,,"50.725859, 3.15489",Hauts-de-France,3.15489,50.725859,
SMAC en cours de labellisation,SMAC le 109,,Rue Ernest Montusés,,3100.0,MONTLUCON,,,,"46.323318, 2.61987",Auvergne-Rhône-Alpes,2.61987,46.323318,
Centre d’art,CAC BRÉTIGNY-SUR-ORGE,CENTRE D'ART CONTEMPORAIN,Espace Jules Verne,,91220.0,BRÉTIGNY-SUR-ORGE,,,,"48.610093, 2.300881",Île-de-France,2.300881,48.610093,
Orchestre Permanent,Orchestre national des Pays de la Loire,,"7, rue de Valmy",B.P. 71229,44012.0,NANTES cedex 1,-1.544615,47.21330499999999,"47.21330499999999,-1.544615",,Pays de la Loire,-1.5446149999999998,47.21330499999999,
SMAC,Le 6 par 4,association Poc Pok,"177, rue du Vieux Saint-Louis",,53000.0,LAVAL,,,,"48.07895, -0.771392",Pays de la Loire,-0.771392,48.07895,
SMAC,La Cave à Musique,Association Luciol,"119, rue Boullay",,71000.0,MACON,,,,"46.300907, 4.825409",Bourgogne-Franche-Comté,4.825409,46.300907,
SMAC,Le Kabardock,Assocation l'AGEMA,"60, rue Mahé de Labourdonnais",,97420.0,LE PORT,,,,"-20.94048, 55.293874",,55.293874,-20.94048,
Centre Dramatique National,THEATRE DES TREIZE VENTS,CENTRE DRAMATIQUE NATIONAL DU LANGUEDOC-ROUSSILLON,avenue Albert Einstein,Domaine de Grammont,34965.0,MONTPELLIER CEDEX 2,3.92986,43.60967599999999,"43.60967599999999,3.92986",,Occitanie,3.92986,43.60967599999999,
Centre d’art,CENTRE D'ART DE L'YONNE,,"10, route de Saint-Georges",,89000.0,AUXERRE,,,,"47.797124, 3.55735",Bourgogne-Franche-Comté,3.55735,47.797124,
Centre d’art,CENTRE NATIONAL DE L'ESTAMPE,ET DE L'ART IMPRIMÉ - CNEAI,Maison Levanneur,,78400.0,CHATOU,,,,"48.900097, 2.152636",Île-de-France,2.152636,48.900097,
Orchestre Permanent,Orchestre lyrique de région Avignon Provence,,"258, Chemin des Rémouleurs",BP 10967 - Z.I de Courtine,84093.0,Avignon Cedex 9,4.788369999999999,43.938124000000016,"43.938124000000016,4.788369999999999",,Provence-Alpes-Côte d'Azur,4.788369999999999,43.938124000000016,
Centre Dramatique National,THEATRE NATIONAL POPULAIRE,,"8, place Lazare Goujon",,69627.0,VILLEURBANNE CEDEX,4.879626000000001,45.765804,"45.765804,4.879626000000001",,Auvergne-Rhône-Alpes,4.879626000000001,45.765804,
SMAC,Le Brise Glace,Association musiques amplifiées aux marquisats Annecy,"54 bis, rue des Marquisats","C/o Association musiques amplifiées,",74000.0,ANNECY,,,,"45.893031, 6.135651",Auvergne-Rhône-Alpes,6.135651,45.893031,
SMAC,Le Chabada,Adrama-Chabada,56 Boulevard du Doyenné,,49100.0,ANGERS,,,,"47.488388, -0.536159",Pays de la Loire,-0.5361589999999999,47.488388,
Scène Nationale,La Filature - Scène nationale,,"20, allée Nathan Katz",,68090.0,MULHOUSE Cedex,7.351713000000001,47.75726,"47.75726,7.351713000000001",,Grand Est,7.351713000000001,47.75726,
SMAC,L'Ouvre- Boîte,ASCA Association culturelle Argentine,"8, avenue de Bourgogne",BP 802,60000.0,BEAUVAIS,,,,"49.437982, 2.099627",Hauts-de-France,2.099627,49.437982,
SMAC en cours de labellisation,"SMAC S2M (Scènes de Musiques Métropolitaines) :
 L’Epicerie Moderne / Le Periscope /
Le Marché Gare / Bizarre !","Association Musiques Acutelles à Feyzin /
association Rassemblement d’Energies pour la Sauvegarde d’un Espace Artistique Utopique / association MJC Presqu’ile Confluence / Association Bizarre !",,,,FEYZIN | LYON |LYON |VENISSIEUX,,,,"45.676426, 4.860811",Auvergne-Rhône-Alpes,4.860811,45.676426,
Centre Dramatique National,NOUVEAU THEATRE DE BESANCON,CENTRE DRAMATIQUE NATIONAL DE FRANCHE-COMTE,Parc du Casino,,25000.0,BESANCON,5.97059,47.21801500000001,"47.21801500000001,5.97059","47.218012, 5.971403",Bourgogne-Franche-Comté,5.97059,47.21801500000001,
SMAC,Le Big Band Café,ADMH : Association pour le développement musical d'Hérouville,"1, avenue du Haut Crépond",,14200.0,HEROUVILLE-SAINT-CLAIR,,,,"49.210276, -0.336527",Normandie,-0.33652699999999997,49.210276,
Scène Nationale,La Passerelle - Scène nationale,,"137, boulevard Georges Pompidou",La Passerelle,5000.0,GAP Cedex,6.058732,44.57402700000001,"44.57402700000001,6.058732",,Provence-Alpes-Côte d'Azur,6.058732,44.57402700000001,
Centre d’art,LE GRAND CAFÉ,CENTRE D'ART CONTEMPORAIN,Place des quatre z'Horloges,,44600.0,SAINT-NAZAIRE,,,,"47.283577, -2.293727",Pays de la Loire,-2.293727,47.283577,
Orchestre Permanent,Orchestre national de Lyon,,"82, rue de Bonnel",,69003.0,Lyon,4.851918,45.762103000000025,"45.762103000000025,4.851918","45.762063, 4.852408",Auvergne-Rhône-Alpes,4.8519179999999995,45.762103000000025,
Centre de développement chorégraphique,"Uzès danse, Festival et Centre de développement chorégraphique de l'Uzège, du Gard et du Languedoc-Roussillon",,,,30700.0,UZES,,,,"44.012097, 4.419221",Occitanie,4.419221,44.012097,
Scène Nationale,Le Manège - Scène nationale,,Rue de la Croix,B P 105,59602.0,MAUBEUGE Cedex,3.9763339999999996,50.276754999999994,"50.276754999999994,3.9763339999999996",,Hauts-de-France,3.976333999999999,50.276754999999994,
SMAC,Le Petit Faucheux,Le Petit Faucheux,"12, rue Léonard de Vinci",,37000.0,TOURS,,,,"47.390928, 0.683029",Centre-Val de Loire,0.683029,47.390928,
Pôle cirque,La Brèche,,Rue de la Chasse verte,BP 238,50100.0,CHERBOURG-EN-COTENTIN,,,,"49.631699, -1.60191",Normandie,-1.6019100000000002,49.631699,
Scène Nationale,Le Channel - Scène nationale,,"173, boulevard Gambetta",BP 77,62100.0,CALAIS Cedex,1.8526950000000002,50.947493999999985,"50.947493999999985,1.8526950000000002","50.946054, 1.839457",Hauts-de-France,1.8526950000000002,50.947493999999985,
SMAC,La Grange à Musique,,16 Boulevard Salvador Allende,Service culture BP 76,60100.0,CREIL,,,,"49.250057, 2.474793",Hauts-de-France,2.474793,49.250057,
FRAC,Fonds régional d'art contemporain PICARDIE,,"45, rue Pointin",,80000.0,AMIENS,,,,"49.885615, 2.310726",Hauts-de-France,2.310726,49.885615,
Scène Nationale,Le Trident - Scène nationale,,Place du Général de Gaulle,BP 807,50100.0,CHERBOURG Cedex,-1.6337840000000001,49.63975300000002,"49.63975300000002,-1.6337840000000001","49.638093, -1.622482",Normandie,-1.633784,49.63975300000002,
Orchestre Permanent,Orchestre régional de Cannes Provence Alpes Côte d’Azur,,"24, avenue des Arlucs",,6150.0,Cannes La Bocca,,,,"43.547756, 6.963784",Provence-Alpes-Côte d'Azur,6.963784,43.547756,
SMAC,Le Manège / MAPL (projet SMAC de département),Musique aujourd'hui en Pays de Lorient,"2, rue Jean Le Coutaller",,56100.0,LORIENT,,,,"47.746312, -3.367466",Bretagne,-3.367466,47.746312,
Orchestre Permanent,Orchestre de Picardie,,"45, rue Pointin",,80040.0,Amiens cedex 01,2.311338,49.885532000000005,"49.885532000000005,2.311338",,Hauts-de-France,2.311338,49.885532000000005,
Centre Dramatique National,THEATRE DE NANTERRE-AMANDIERS,,"7, avenue Pablo Picasso",,92022.0,NANTERRE Cedex,2.214392,48.892013,"48.892013,2.214392",,Île-de-France,2.214392,48.892013,
SMAC,Paloma,,250 Chemin de l'Aérodrome,,30000.0,NIMES,,,,"43.855306, 4.404629",Occitanie,4.404629,43.855306,
Scène Nationale,La Ferme du buisson,Scène nationale de Marne-la-Vallée,Allée de la Ferme,,77186.0,NOISIEL,,,,"48.844729, 2.625589",Île-de-France,2.6255889999999997,48.844729,
SMAC en cours de labellisation,Echo System,Au coin de l’oreille,,Z.A l’Ecu,70360.0,SCEY SUR SAONE,,,,"47.654724, 6.003422",Bourgogne-Franche-Comté,6.003422,47.654724,
Centre Dramatique Régional,CENTRE DRAMATIQUE REGIONAL DE POITOU-CHARENTES,,"66, boulevard Pont Achard",B.P. 504,86012.0,POITIERS CEDEX,0.32909399999999994,46.57503900000002,"46.57503900000002,0.32909399999999994",,Nouvelle-Aquitaine,0.329093999999999,46.57503900000002,
SMAC en cours de labellisation,Le Moulin SMAC d'agglomération marseillaise,association SAAG,47 Bd Perrin,,13013.0,MARSEILLE,,,,"43.319217, 5.407838",Provence-Alpes-Côte d'Azur,5.407838,43.319217,
Orchestre Permanent,Orchestre national d'Ile-de-France,,19 rue des Ecoles,,94140.0,ALFORTVILLE,2.415703,48.803256999999995,"48.803256999999995,2.415703","48.803228, 2.415571",Île-de-France,2.415703,48.803256999999995,
Orchestre Permanent,Orchestre National de Lorraine,,31 rue de Belletanche,BP 15153,57074.0,Metz cedex 3,6.207467000000001,49.10932400000003,"49.10932400000003,6.207467000000001",,Grand Est,6.207467000000001,49.10932400000003,
Centre Dramatique National,LA COMEDIE DE REIMS,,"3, chaussée Bocquaine",B.P. 1434,51066.0,REIMS CEDEX,4.021048,49.24878800000002,"49.24878800000002,4.021048",,Grand Est,4.021048,49.24878800000002,
Centre d’art,CENTRE DE PHOTOGRAPHIE DE LECTOURE,ARRÊT SUR IMAGE,"5, rue Sainte-Claire",,32700.0,LECTOURE,,,,"43.9344, 0.622243",Occitanie,0.622243,43.9344,
Centre Dramatique National,THEATRE NATIONAL DE BRETAGNE,,"1, rue Saint-Hélier",B.P. 675,35008.0,RENNES Cedex,-1.6728340000000002,48.107675999999984,"48.107675999999984,-1.6728340000000002",,Bretagne,-1.672834,48.107675999999984,
FRAC,Fonds régional d'art contemporain BOURGOGNE,,"49, rue de Longvic",,21000.0,DIJON,,,,"47.311897, 5.0468",Bourgogne-Franche-Comté,5.0468,47.311897,
Centre d’art,LES ABATTOIRS - MUSÉE D'ART MODERNE,ET CONTEMPORAIN - FRAC MIDI-PYRÉNÉES,"76, allée Charles de Fitte",,31300.0,TOULOUSE,,,,"43.600678, 1.428998",Occitanie,1.428998,43.600678,
Centre Dramatique National,THEATRE DE GENNEVILLIERS,,"41, avenue des Grésillons",,92230.0,GENNEVILLIERS,2.300153,48.914310000000015,"48.914310000000015,2.300153","48.914234, 2.299722",Île-de-France,2.300153,48.914310000000015,
Centre Dramatique National,THEATRE DE SARTROUVILLE,,Place Jacques Brel,B.P. 93,78505.0,SARTROUVILLE CEDEX,2.19415,48.940145,"48.940145,2.19415",,Île-de-France,2.19415,48.940145,
Opéra en région,Opéra National de Montpellier,,11 boulevard Victor Hugo,,34967.0,MONTPELLIER Cedex 2,3.879195,43.60786200000002,"43.60786200000002,3.879195",,Occitanie,3.879195,43.60786200000002,
Centre d’art,INSTITUT D'ART CONTEMPORAIN,,"11, rue du docteur Dolard",,69100.0,VILLEURBANNE,,,,"45.762473, 4.872414",Auvergne-Rhône-Alpes,4.872414,45.762473,
Centre d’art,LE VENT DES FORETS,Espace rural d’art contemporain – Mairie,21 rue des Tassons,,55260.0,Fresnes-au-Mont,,,,"48.896425, 5.440821",Grand Est,5.440821,48.896425,
Centre d’art,CHAPELLE SAINT-JACQUES,,Avenue du Maréchal Foch,,31800.0,SAINT-GAUDENS,,,,"43.105264, 0.715872",Occitanie,0.715872,43.105264,
SMAC,Lo Bolegason,,"69, rue de l'Auque",,81100.0,CASTRES,,,,"43.601771, 2.246445",Occitanie,2.246445,43.601771,
Scène Nationale,Le Carré - Scène Nationale -,,"4, bis rue Horeau",BP 357,53200.0,CHÂTEAU-GONTIER Cedex,-0.697612,47.82867900000002,"47.82867900000002,-0.697612","47.82866, -0.69755",Pays de la Loire,-0.697612,47.82867900000002,
Scène Nationale,L’Estive / Scène nationale de Foix et de l’Ariège,,"20, avenue du Général de Gaulle",BP 95,9000.0,FOIX Cedex,1.609287,42.96069799999999,"42.96069799999999,1.609287",,Occitanie,1.6092870000000001,42.96069799999999,
Scène Nationale,L’Hippodrome - Scène nationale,,Place du Barlet,BP 79,59502.0,DOUAI Cedex,3.082847,50.365708,"50.365708,3.082847",,Hauts-de-France,3.082847,50.365708,
Centre d’art,POUR l'INSTANT,CENTRE PHOTOGRAPHIQUE,7 avenue de Limoges,,79000.0,NIORT,,,,"46.321859, -0.455783",Nouvelle-Aquitaine,-0.455783,46.321859,
Centre Dramatique National,CENTRE DRAMATIQUE NATIONAL,,"26, place Jean Jaurès",,93100.0,MONTREUIL CEDEX,2.441887,48.86259200000001,"48.86259200000001,2.441887","48.862076, 2.442802",Île-de-France,2.441887,48.86259200000001,
Centre de développement chorégraphique,Les Hivernales - la manutention,,,,84000.0,AVIGNON,,,,"43.947855, 4.807592",Provence-Alpes-Côte d'Azur,4.807592,43.947855,
SMAC,La Manutention,Association pour le Jazz et les musiques improvisées AJMI,4 rue esc.Saint-Anne,La Manutention,84000.0,AVIGNON,,,,"43.951249, 4.808538",Provence-Alpes-Côte d'Azur,4.808538,43.951249,
SMAC,SMAC d'agglomération Bordelaise : Théatre Barbey,Parallèles Attitudes Diffusion,"18, cours Barbey",,33800.0,BORDEAUX,,,,"44.827168, -0.56335",Nouvelle-Aquitaine,-0.56335,44.827168,
SMAC,La Tannerie,La truffe et les oreilles,"123, place de la Vinaigrerie","C/o association la Truffe et les Oreilles,",1000.0,BOURG-EN-BRESSE,,,,"46.199298, 5.225348",Auvergne-Rhône-Alpes,5.225348,46.199298,
Centre Dramatique National,THEATRE DE DIJON-BOURGOGNE,,Théâtre du Parvis Saint-Jean,B.P. 72936,21029.0,DIJON CEDEX,5.040892,47.34091400000002,"47.34091400000002,5.040892",,Bourgogne-Franche-Comté,5.040892,47.34091400000002,
Centre Dramatique Régional,ATELIER DU RHIN - CENTRE DRAMATIQUE REGIONAL D’ALSACE,,"6, route d’Ingersheim",B.P. 593,68008.0,COLMAR CEDEX,7.352648,48.081984,"48.081984,7.352648",,Grand Est,7.352648,48.081984,
Pôle cirque,Le Carré Magique,,Parvis des Droits de l'Homme,,22300.0,LANNION,,,,,,,,
SMAC,Le Confort Moderne,L'Oreille est hardie,"185, faubourg du Pont Neuf",,86000.0,POITIERS,,,,"46.572692, 0.359674",Nouvelle-Aquitaine,0.359674,46.572692,
Centres nationaux de création musicale,Césaré,,38 rue Alain-Colas,,51450.0,Bétheny,4.044629,49.271201000000005,"49.271201000000005,4.044629","49.271179, 4.04453",Grand Est,4.044629,49.271201000000005,
Scène Nationale,Centre Culturel André Malraux / Scène nationale de Vandoeuvre,,"1, place de l'Hôtel de Ville",BP 126,54500.0,VANDOEUVRE-LES-NANCY,6.172584999999999,48.660616,"48.660616,6.172584999999999","48.65993, 6.17261",Grand Est,6.172584999999999,48.660616,
SMAC,Les Bains Douches,Association Les Bains Douches,Place Anne Sylvestre,C/O Les Bains Douches,18160.0,LIGNIERES,,,,,,,,
Scène Nationale,Le Volcan - Scène nationale,,Espace Oscar Niemeyer,BP 1106,76000.0,LE HAVRE Cedex,0.125713,49.51026600000002,"49.51026600000002,0.125713",,Normandie,0.125713,49.51026600000002,
Scène Nationale,La Rose des Vents - Scène nationale,,Boulevard Van Gogh,,59650.0,VILLENEUVE D’ASCQ,3.150994,50.64033199999998,"50.64033199999998,3.150994","50.622184, 3.132038",Hauts-de-France,3.150994,50.64033199999998,
Centre d’art,ABBAYE SAINT-ANDRÉ - CENTRE D'ART,CONTEMPORAIN,Place du Bûcher,,19250.0,MEYMAC,,,,"45.535139, 2.147698",Nouvelle-Aquitaine,2.147698,45.535139,
Scène Nationale,Le Cratère - Théâtre d’Alès en Cévennes,,"Square Pablo Néruda, Place Barbusse",,30100.0,ALES EN CEVENNES,4.081487,44.125138,"44.125138,4.081487",,Occitanie,4.081487,44.125138,
Centre d’art,CENTRE RÉGIONAL D'ART CONTEMPORAIN,,"26, quai Aspirant Herber",,34200.0,SÈTE,,,,"43.398779, 3.697941",Occitanie,3.697941,43.398779,
Centre d’art,LE CONFORT MODERNE,ENTREPOT- GALERIE,"185, rue du faubourg du Pont Neuf",,86000.0,POITIERS,,,,"46.572692, 0.359674",Nouvelle-Aquitaine,0.359674,46.572692,
SMAC,Le Rio Grande,Le Rio,"3, rue Ferdinand Buisson",,82000.0,MONTAUBAN,,,,"44.014764, 1.344937",Occitanie,1.344937,44.014764,
SMAC,Stéreolux,Association Songo,"4, boulevard Léon Bureau",,44200.0,NANTES,,,,"47.206011, -1.563948",Pays de la Loire,-1.563948,47.206011,
Scène Nationale,Théâtre d'Angoulême - Scène nationale,,Avenue des Maréchaux,BP 287,16000.0,ANGOULEME Cedex,0.155055,45.64771700000001,"45.64771700000001,0.155055","45.647533, 0.154404",Nouvelle-Aquitaine,0.155055,45.64771700000001,
FRAC,Fonds régional d'art contemporain HAUTE-NORMANDIE,TRAFIC,"3, place des Martyrs de la Résistance",,76300.0,SOTTEVILLE-LES-ROUEN,,,,"49.419716, 1.078267",Normandie,1.078267,49.419716,
Centre d’art,LE CONSORTIUM,CENTRE D'ART CONTEMPORAIN,"37, rue de Longvic",,21000.0,DIJON,,,,"47.313218, 5.045699",Bourgogne-Franche-Comté,5.045699,47.313218,
Centre d’art,ESPACE CROISÉ,,Grand Place,,59100.0,ROUBAIX,,,,"50.691297, 3.173994",Hauts-de-France,3.173994,50.691297,
Centre chorégraphique national,Centre chorégraphique national de Grenoble,,"4, rue Paul Claudel",BP 2448,38034.0,Grenoble cedex 2,5.732392,45.17164,"45.17164,5.732392",,Auvergne-Rhône-Alpes,5.732392,45.17164,
